{
  "completed_rounds": 0,
  "statistics": {
    "total_negotiations": 0,
    "agreements_reached": 0,
    "impasse_count": 0,
    "model_stats": {},
    "role_stats": {
      "seller": {
        "agreements": 0,
        "total_negotiations": 0,
        "avg_price": 0
      },
      "buyer": {
        "agreements": 0,
        "total_negotiations": 0,
        "avg_price": 0
      },
      "advisor": {
        "interventions": 0,
        "success_rate": 0
      },
      "moderator": {
        "interventions": 0,
        "success_rate": 0
      }
    },
    "metrics": {
      "concession_rate": [],
      "agreement_price_deviation": [],
      "negotiation_duration": [],
      "rounds_to_agreement": [],
      "impasse_rate": []
    },
    "model_assignments": [],
    "model_performance": {},
    "negotiation_details": []
  }
}